dni,nombre,apellido,email,genero,fechaNacimiento
67882567,Ambrosio,Worboys,aworboys0@columbia.edu,Masculino,11/14/1993
80048608,Benjy,Andrejs,bandrejs1@paginegialle.it,Femenino,12/20/2006
34621734,Araldo,Gatheral,agatheral2@intel.com,Masculino,12/20/1995
76112658,Jillian,McNirlan,jmcnirlan3@ucsd.edu,Masculino,12/22/2005
86062463,Joice,Locard,jlocard4@mit.edu,Femenino,4/12/1962
05343744,Janine,Rainbow,jrainbow5@yolasite.com,Femenino,2/1/1965
28823557,Faythe,Palffy,fpalffy6@army.mil,Masculino,4/18/1971
16363222,Lydia,Docherty,ldocherty7@macromedia.com,Femenino,6/18/1997
87288273,Nora,Shalders,nshalders8@buzzfeed.com,Femenino,3/19/1963
34026155,Merrilee,Gewer,mgewer9@about.com,Femenino,8/16/2001
75347886,Juanita,Davioud,jdaviouda@nymag.com,Femenino,1/17/2000
59662802,Derry,Warke,dwarkeb@shareasale.com,Masculino,1/2/1999
48501217,Bailey,Lacknor,blacknorc@utexas.edu,Masculino,7/1/1984
15919986,Chicky,Agirre,cagirred@wordpress.org,Femenino,3/1/2006
41389202,Stanford,Hillin,shilline@weebly.com,Masculino,2/15/1999
58014832,Ambrosi,Dobbie,adobbief@about.me,Femenino,6/16/2006
52357551,Darya,Eisikowitz,deisikowitzg@patch.com,Masculino,8/24/1994
96745679,Ivor,Elletson,ielletsonh@acquirethisname.com,Femenino,7/17/1988
58671452,Kata,Buxton,kbuxtoni@wp.com,Masculino,8/27/1979
12990573,Reade,Nodin,rnodinj@google.com.hk,Masculino,7/22/2014
83118922,Carmel,Jellico,cjellicok@canalblog.com,Femenino,9/13/1991
95418509,Killy,Cullrford,kcullrfordl@comcast.net,Femenino,6/23/1975
44683884,Jerrine,Westmarland,jwestmarlandm@google.com.br,Masculino,7/25/2003
44535726,Fleurette,Kornas,fkornasn@ycombinator.com,Femenino,2/1/1974
77133033,Dunstan,Girodier,dgirodiero@hp.com,Masculino,3/21/1963
69807554,Hersh,Bote,hbotep@dot.gov,Femenino,3/22/1961
84442231,Oralla,Brockington,obrockingtonq@si.edu,Masculino,1/18/1961
27193582,Leigh,Pocklington,lpocklingtonr@cmu.edu,Femenino,10/27/1995
52298936,Eulalie,Varah,evarahs@edublogs.org,Masculino,10/30/1960
83212347,Elsey,Mimmack,emimmackt@eventbrite.com,Masculino,4/26/1974
27772968,Yehudi,Screach,yscreachu@acquirethisname.com,Masculino,5/5/2002
13187750,Troy,Fender,tfenderv@netvibes.com,Femenino,5/25/1984
46105548,Frederica,Blundon,fblundonw@google.it,Femenino,2/21/1996
73483140,Cedric,Silverston,csilverstonx@alexa.com,Masculino,12/10/2003
91339857,Ruprecht,Cathie,rcathiey@cargocollective.com,Femenino,5/17/1977
30822420,Jeanie,Houltham,jhoulthamz@purevolume.com,Masculino,3/13/2002
78305735,Rose,Ragles,rragles10@fda.gov,Femenino,4/13/1973
23115386,Talbot,Kuzemka,tkuzemka11@flickr.com,Masculino,3/26/1996
83485274,Retha,Bourtoumieux,rbourtoumieux12@4shared.com,Masculino,8/10/1986
93763946,Cyril,Union,cunion13@soundcloud.com,Femenino,10/24/1995
52960678,Orren,Aubery,oaubery14@psu.edu,Femenino,10/15/1979
06644112,Mella,Farland,mfarland15@youtu.be,Femenino,10/5/1991
91287781,Cordey,Preece,cpreece16@auda.org.au,Masculino,11/29/2011
00917087,Carline,Scrafton,cscrafton17@pen.io,Masculino,11/4/1970
44328244,Vania,Lamort,vlamort18@disqus.com,Femenino,12/10/1972
12227517,Stanleigh,Scarlett,sscarlett19@scientificamerican.com,Masculino,9/15/2013
34260267,Tome,Cuxson,tcuxson1a@godaddy.com,Femenino,3/11/2001
84034261,Kimberley,Detloff,kdetloff1b@google.it,Femenino,10/25/2000
45969674,Farleigh,Lilloe,flilloe1c@pbs.org,Femenino,11/11/1971
04357642,Dory,Colquyte,dcolquyte1d@nyu.edu,Masculino,4/3/1978
10620458,Elke,MacQuaker,emacquaker1e@wiley.com,Femenino,11/4/1988
18456205,Blinni,Morrill,bmorrill1f@bloglovin.com,Masculino,11/4/1988
40996346,Kiele,Crassweller,kcrassweller1g@google.ru,Femenino,3/29/2001
16943014,Jada,Alsobrook,jalsobrook1h@umn.edu,Masculino,7/26/2006
47037900,Bethina,Stickney,bstickney1i@mashable.com,Masculino,10/10/2004
28497594,Austina,St. Clair,astclair1j@sogou.com,Masculino,11/4/1963
29047251,Bev,Hubbold,bhubbold1k@dion.ne.jp,Masculino,2/22/1960
89945779,Consuela,Messingham,cmessingham1l@e-recht24.de,Masculino,4/17/1962
71750983,Dasya,Springthorpe,dspringthorpe1m@github.com,Femenino,5/31/1972
29911034,Bryanty,March,bmarch1n@abc.net.au,Masculino,3/22/2000
81549343,Orrin,Izod,oizod1o@ebay.co.uk,Masculino,1/23/2014
31757441,Ciel,Bissiker,cbissiker1p@wp.com,Masculino,4/4/1976
72922367,Devin,Gerrett,dgerrett1q@timesonline.co.uk,Masculino,4/11/2000
56489661,Des,Verdon,dverdon1r@joomla.org,Femenino,1/1/1965
49891191,Bondy,Slowey,bslowey1s@forbes.com,Masculino,3/5/2003
40397039,Denys,Kleinschmidt,dkleinschmidt1t@cocolog-nifty.com,Masculino,11/29/1979
57782884,Casie,O'Coskerry,cocoskerry1u@blogtalkradio.com,Femenino,9/24/2002
52114063,Rozella,Brotherick,rbrotherick1v@hao123.com,Femenino,6/8/1977
67292916,Amos,Davidesco,adavidesco1w@mayoclinic.com,Masculino,11/1/1980
68541021,Lulita,Petricek,lpetricek1x@naver.com,Femenino,1/11/2007
45338784,Katalin,Kilmurray,kkilmurray1y@princeton.edu,Femenino,8/31/1963
98487384,Ethe,O'Bruen,eobruen1z@ucla.edu,Femenino,3/15/1988
78859963,Grove,Simpkins,gsimpkins20@cafepress.com,Femenino,6/29/1983
96079615,Aindrea,Nassy,anassy21@imgur.com,Femenino,11/26/1968
74533114,Fredrika,Kleeman,fkleeman22@chron.com,Femenino,12/5/1985
96846943,Ginny,Trembey,gtrembey23@dedecms.com,Masculino,3/2/2009
16856937,Stanfield,Moralee,smoralee24@seattletimes.com,Femenino,4/4/1982
06916322,Jules,Djokic,jdjokic25@msn.com,Femenino,6/30/1966
61381862,Margeaux,Pietzner,mpietzner26@scribd.com,Femenino,7/29/1976
47203107,Kristoffer,Louiset,klouiset27@upenn.edu,Femenino,10/9/1972
83768857,Blair,Swaisland,bswaisland28@topsy.com,Masculino,7/20/2005
19920059,Sinclare,Skipperbottom,sskipperbottom29@hhs.gov,Masculino,6/11/2006
87667612,Elaina,Bolzen,ebolzen2a@yelp.com,Femenino,12/29/1962
55716646,Robena,Bartolomeazzi,rbartolomeazzi2b@washingtonpost.com,Masculino,6/12/1977
74040858,Mace,Kunneke,mkunneke2c@zimbio.com,Masculino,7/21/1975
82390877,Katy,Larway,klarway2d@issuu.com,Femenino,5/2/2005
40808180,Erskine,Klimochkin,eklimochkin2e@chronoengine.com,Femenino,2/4/1988
92949439,Philippa,Munkton,pmunkton2f@is.gd,Femenino,6/10/1969
79955458,Orin,Mattiacci,omattiacci2g@blinklist.com,Masculino,12/21/2008
16238437,Rosabelle,Winship,rwinship2h@51.la,Femenino,12/29/1982
30096257,Rosetta,McGarvie,rmcgarvie2i@java.com,Masculino,4/9/2004
51393184,Wylie,Aldhous,waldhous2j@amazon.de,Femenino,5/24/1961
80803315,Claudie,Slimme,cslimme2k@reference.com,Femenino,8/3/1967
48704769,Corette,Johns,cjohns2l@yahoo.com,Masculino,5/29/1968
70200983,Gilda,McKintosh,gmckintosh2m@multiply.com,Masculino,4/21/1997
06651248,Rosalinda,Kennelly,rkennelly2n@w3.org,Masculino,4/24/1989
77507004,Chrystel,Loiterton,cloiterton2o@mac.com,Masculino,1/21/1985
36804240,Belita,O'Rudden,borudden2p@yahoo.co.jp,Femenino,8/6/1985
70660324,Harrison,Dutson,hdutson2q@cafepress.com,Femenino,10/12/1994
56891916,Karolina,Taffs,ktaffs2r@360.cn,Masculino,12/25/1978
08080216,Frans,Manntschke,fmanntschke2s@pagesperso-orange.fr,Masculino,9/2/2010
34246839,Leora,Skottle,lskottle2t@shinystat.com,Femenino,3/12/1962
97110184,Lexi,Cahalin,lcahalin2u@aboutads.info,Masculino,7/8/1971
64446844,Lethia,Wendover,lwendover2v@wiley.com,Femenino,8/8/2008
36101451,Halli,Measey,hmeasey2w@deviantart.com,Masculino,9/6/2002
90123716,Minna,Novello,mnovello2x@kickstarter.com,Femenino,7/25/1974
59936742,Rori,Bosden,rbosden2y@1und1.de,Femenino,6/1/1993
30666099,Cecil,Simmgen,csimmgen2z@arstechnica.com,Femenino,7/6/1961
17511897,Morgana,Eckert,meckert30@weather.com,Masculino,10/25/1983
25171818,Amara,Garrat,agarrat31@slate.com,Masculino,3/8/1999
71835905,Devondra,Stoyles,dstoyles32@blogs.com,Femenino,10/1/2001
65278712,Lane,Brack,lbrack33@cisco.com,Femenino,4/21/1967
97707310,Osmund,Goodier,ogoodier34@cisco.com,Masculino,10/14/1960
44227398,Wadsworth,Harby,wharby35@rambler.ru,Femenino,4/28/1973
60333303,Gracie,Shoemark,gshoemark36@dell.com,Masculino,12/30/2005
86756350,Marcy,Todarello,mtodarello37@princeton.edu,Femenino,9/13/1999
68125433,Bobbee,Marages,bmarages38@omniture.com,Masculino,3/15/2013
05318963,Debbi,Teodoro,dteodoro39@who.int,Masculino,5/27/1978
20088394,Wynnie,Parmer,wparmer3a@360.cn,Masculino,3/6/1993
96960098,Mindy,Melburg,mmelburg3b@histats.com,Masculino,7/8/2010
88164541,Jeramey,Fozard,jfozard3c@cam.ac.uk,Femenino,3/24/2012
26587002,Zacharias,Toffanini,ztoffanini3d@delicious.com,Masculino,12/22/2007
88827171,Lianne,Maslen,lmaslen3e@vimeo.com,Masculino,10/11/1995
29587020,Maggy,Wye,mwye3f@reverbnation.com,Masculino,2/28/1967
39682273,Pauli,Simko,psimko3g@boston.com,Femenino,1/27/1993
18276639,Ronni,Maving,rmaving3h@issuu.com,Femenino,10/30/1983
91149541,Marven,Mangenet,mmangenet3i@ameblo.jp,Femenino,4/25/2013
86500048,Sophie,Beddoe,sbeddoe3j@acquirethisname.com,Masculino,11/14/1998
47120409,Kendall,Gonnard,kgonnard3k@dot.gov,Masculino,7/18/1966
14742998,Lia,Ielden,lielden3l@ameblo.jp,Femenino,4/1/1991
15643752,Andriette,Belison,abelison3m@springer.com,Femenino,4/4/1996
31535255,Mercedes,Swetman,mswetman3n@edublogs.org,Masculino,12/13/1993
76856921,Jan,Tansley,jtansley3o@rediff.com,Masculino,2/8/1990
64407825,Alfy,Oaten,aoaten3p@usa.gov,Masculino,1/28/1990
23295147,Freida,Townend,ftownend3q@guardian.co.uk,Masculino,5/6/1966
91134737,Jorgan,Bussons,jbussons3r@va.gov,Femenino,7/11/1964
60451328,Shell,Strangman,sstrangman3s@usnews.com,Femenino,12/28/1962
87197791,Ynez,Bevar,ybevar3t@alexa.com,Femenino,5/6/2008
45657276,Mab,Konneke,mkonneke3u@time.com,Masculino,11/2/1993
58776823,Annabela,Itter,aitter3v@networkadvertising.org,Femenino,7/23/1965
95186524,Jolyn,Jursch,jjursch3w@paginegialle.it,Femenino,4/18/1999
57204623,Ethyl,Penfold,epenfold3x@hostgator.com,Femenino,11/23/1979
45822542,Herbie,Ponsford,hponsford3y@jiathis.com,Femenino,3/30/2013
22358307,Pieter,Boundey,pboundey3z@ovh.net,Femenino,1/19/1963
12021898,Dorree,Middlewick,dmiddlewick40@webmd.com,Femenino,2/6/1998
32663091,Fulvia,Martineau,fmartineau41@blogs.com,Masculino,3/20/1964
65147119,Rock,Wasielewski,rwasielewski42@yale.edu,Femenino,5/19/1962
68548096,Rebekkah,Mc-Kerley,rmckerley43@shareasale.com,Femenino,1/20/1979
90735550,Cordey,Linley,clinley44@go.com,Femenino,6/29/1997
57787836,Jeremias,Margerrison,jmargerrison45@amazon.de,Femenino,6/20/2012
99377224,Wakefield,Pinks,wpinks46@ovh.net,Masculino,2/21/1978
77936760,Clemens,Melia,cmelia47@nsw.gov.au,Femenino,5/12/1996
84273015,Dorita,Smitham,dsmitham48@t.co,Masculino,7/22/2008
86941285,Keslie,Kinnard,kkinnard49@delicious.com,Masculino,6/4/1975
82435800,Kara,Swinden,kswinden4a@blogtalkradio.com,Femenino,7/16/1992
22685906,Maurise,Grantham,mgrantham4b@theguardian.com,Femenino,1/23/1992
61640545,Hildegarde,Gostling,hgostling4c@seesaa.net,Masculino,11/22/2012
25192921,Cornie,Keilloh,ckeilloh4d@go.com,Femenino,4/28/1986
39594957,Rozanna,Grayshon,rgrayshon4e@xinhuanet.com,Femenino,5/7/1988
60449092,Giovanni,Stuart,gstuart4f@sohu.com,Masculino,4/29/1993
51874255,Shani,Seeborne,sseeborne4g@toplist.cz,Masculino,2/14/1966
39203096,Kattie,Jovey,kjovey4h@csmonitor.com,Masculino,9/6/1998
58561078,Marline,Edgeller,medgeller4i@homestead.com,Femenino,7/21/1984
22673210,Karly,Carbett,kcarbett4j@rediff.com,Masculino,1/18/1963
69746715,Florance,Ghent,fghent4k@ted.com,Femenino,2/3/2014
62218014,Sarene,Josefer,sjosefer4l@flavors.me,Femenino,8/26/2009
41085166,Keefe,Chainey,kchainey4m@utexas.edu,Femenino,12/12/2006
84098129,Ad,Fookes,afookes4n@gnu.org,Masculino,12/1/1997
71279088,Jenda,Dinesen,jdinesen4o@zdnet.com,Masculino,5/31/2001
94115917,Lethia,Espadero,lespadero4p@buzzfeed.com,Masculino,7/7/1975
80295865,Emera,Dulinty,edulinty4q@utexas.edu,Masculino,10/15/1967
61328714,Daffy,Loveman,dloveman4r@mozilla.org,Masculino,8/14/1985
00828715,Jesse,Brolan,jbrolan4s@fc2.com,Femenino,8/15/1968
89962134,Dahlia,Kempton,dkempton4t@github.com,Masculino,8/5/1980
44026898,Enos,Hateley,ehateley4u@tinyurl.com,Femenino,7/9/1990
16653135,Yuma,Hame,yhame4v@devhub.com,Masculino,5/11/1991
12847755,Wyatan,McGarry,wmcgarry4w@utexas.edu,Femenino,7/3/2008
30478431,Fiorenze,Evesque,fevesque4x@i2i.jp,Femenino,5/3/1964
36246363,Charin,Ofield,cofield4y@foxnews.com,Masculino,11/13/2011
69728699,Bent,Aloigi,baloigi4z@narod.ru,Masculino,12/8/2002
84022937,Jocko,Yarrall,jyarrall50@zimbio.com,Masculino,7/14/1979
17290640,Harbert,McGraffin,hmcgraffin51@dropbox.com,Masculino,9/4/1961
03069625,Bettye,People,bpeople52@marriott.com,Femenino,1/13/1976
70304231,Mellie,Boeter,mboeter53@hao123.com,Femenino,11/9/1985
47992667,Lauren,Birkmyre,lbirkmyre54@1688.com,Masculino,4/7/1986
37404883,Harcourt,Dykins,hdykins55@berkeley.edu,Femenino,1/22/2000
12439884,Hercules,Millership,hmillership56@apache.org,Femenino,11/3/1975
59074052,Hortensia,Swatheridge,hswatheridge57@google.cn,Femenino,11/3/2007
57909604,Brittne,Hebard,bhebard58@state.gov,Masculino,7/26/1987
41056255,Fraser,Wasielewski,fwasielewski59@wordpress.org,Masculino,12/7/2013
65978891,Essa,Guiett,eguiett5a@netscape.com,Femenino,1/24/1979
60174260,Padraic,Starr,pstarr5b@angelfire.com,Femenino,11/11/1994
25419159,Brent,Bernot,bbernot5c@nba.com,Femenino,11/29/1983
54884011,Vernen,Bourbon,vbourbon5d@wikispaces.com,Masculino,3/26/1976
90967960,Desiree,Dorro,ddorro5e@springer.com,Femenino,3/1/1999
30094741,Wade,Tambling,wtambling5f@arizona.edu,Femenino,4/7/1967
91657176,Nan,Gloy,ngloy5g@seattletimes.com,Masculino,7/28/1991
29748996,Marybeth,Camous,mcamous5h@opensource.org,Masculino,1/17/1995
08976626,Lucretia,Dysart,ldysart5i@china.com.cn,Masculino,11/29/1980
90922345,Daniele,Gonsalvo,dgonsalvo5j@usatoday.com,Femenino,3/21/1974
33968020,Gilbertine,Paxeford,gpaxeford5k@delicious.com,Femenino,8/18/2006
21241396,Haily,Deere,hdeere5l@go.com,Masculino,10/10/1993
92940761,Samson,Torri,storri5m@sphinn.com,Masculino,2/20/1975
47580337,Ashil,Yaneev,ayaneev5n@istockphoto.com,Femenino,6/19/1988
16775834,Heindrick,Scardafield,hscardafield5o@nytimes.com,Femenino,3/2/1992
27211531,Borden,Piggford,bpiggford5p@msn.com,Femenino,2/12/1995
60454657,Leyla,Hurd,lhurd5q@vinaora.com,Femenino,6/21/1991
69876294,Griff,Hinkins,ghinkins5r@china.com.cn,Masculino,7/12/1995
86436153,Griff,Creese,gcreese5s@tmall.com,Femenino,9/13/2001
88733973,Vi,Kraut,vkraut5t@columbia.edu,Masculino,6/11/1961
97000130,Faydra,Steet,fsteet5u@bluehost.com,Femenino,12/3/1981
36111579,Garnet,Randalson,grandalson5v@furl.net,Femenino,5/26/1965
66156740,Gunter,Godball,ggodball5w@about.com,Masculino,2/11/1988
63042368,Claretta,Ritchings,critchings5x@mysql.com,Femenino,9/22/2013
50947563,Mabelle,Saywood,msaywood5y@thetimes.co.uk,Masculino,8/18/1973
83881356,Kaspar,Dalloway,kdalloway5z@google.ru,Masculino,5/14/1995
07308191,Ab,Cleverley,acleverley60@dell.com,Femenino,5/2/1984
25271496,Josy,Wiseman,jwiseman61@icq.com,Femenino,11/30/2011
75235721,Stephannie,Eadon,seadon62@businessinsider.com,Femenino,10/29/1995
20803623,Roslyn,Yurevich,ryurevich63@ibm.com,Femenino,1/27/1960
19451370,Jarvis,Pilipyak,jpilipyak64@yolasite.com,Masculino,2/25/1986
45633608,Jeanie,MacGowan,jmacgowan65@t.co,Femenino,5/20/1975
13539796,Mayer,d'Escoffier,mdescoffier66@opera.com,Masculino,5/17/1976
85110657,Kelly,Whannel,kwhannel67@ihg.com,Masculino,2/28/1995
38097314,Ainsley,Selland,aselland68@ocn.ne.jp,Femenino,1/8/2005
20525142,Cristi,Duiguid,cduiguid69@eepurl.com,Femenino,5/26/1994
01192629,Etienne,Mynett,emynett6a@wikispaces.com,Masculino,3/4/1967
89395446,Spencer,Speirs,sspeirs6b@php.net,Masculino,6/13/1963
95284903,Neil,Bullivent,nbullivent6c@freewebs.com,Masculino,1/13/1979
97379692,Sibby,Bachmann,sbachmann6d@goodreads.com,Femenino,12/27/2011
63823005,Maude,Pevie,mpevie6e@redcross.org,Femenino,4/24/1981
33156405,Rowland,Yanyshev,ryanyshev6f@state.tx.us,Femenino,2/15/1968
76095226,Norbie,Vlahos,nvlahos6g@devhub.com,Masculino,5/9/1986
55023798,Adlai,Matokhnin,amatokhnin6h@tamu.edu,Femenino,9/12/1994
26449416,Gerry,Owtram,gowtram6i@tripadvisor.com,Masculino,6/13/1978
25847826,Farly,Brownstein,fbrownstein6j@tamu.edu,Femenino,10/15/1985
46105568,Ches,Caslett,ccaslett6k@microsoft.com,Femenino,4/14/1979
73692985,Dreddy,Luckings,dluckings6l@wikipedia.org,Masculino,8/7/1969
44824124,Witty,Tuft,wtuft6m@flickr.com,Masculino,6/3/1983
85724743,Monte,Crockatt,mcrockatt6n@bravesites.com,Masculino,8/21/2011
66949444,Lynne,Groome,lgroome6o@google.com.au,Masculino,11/12/1997
91209355,Ugo,Bennie,ubennie6p@samsung.com,Femenino,1/2/1999
88171591,Early,Beevor,ebeevor6q@buzzfeed.com,Femenino,12/26/1962
63068376,Waldon,Decayette,wdecayette6r@ihg.com,Femenino,8/2/2001
96466535,Maxy,Cocksedge,mcocksedge6s@businessweek.com,Masculino,2/6/1988
84052521,Etty,Murricanes,emurricanes6t@dmoz.org,Femenino,11/20/1963
41488690,Ashley,Matignon,amatignon6u@ameblo.jp,Femenino,5/25/1966
70285912,Pamella,MacCallister,pmaccallister6v@cnbc.com,Masculino,1/11/1976
87507349,Walker,Eliasson,weliasson6w@edublogs.org,Femenino,1/9/1963
03101732,Evangelina,Dearl,edearl6x@yellowpages.com,Femenino,6/8/1996
16770517,Arnie,McLise,amclise6y@nymag.com,Masculino,9/22/1988
61676134,Gnni,Vennard,gvennard6z@icio.us,Femenino,10/3/2002
64816246,Milton,Rickeard,mrickeard70@mozilla.com,Masculino,12/12/1964
19307529,Hanni,Folcarelli,hfolcarelli71@unblog.fr,Femenino,9/10/1971
63762026,Grayce,Redmile,gredmile72@imgur.com,Femenino,6/27/1976
43144633,Shelley,Creedland,screedland73@sourceforge.net,Femenino,2/4/1982
22934088,Anatol,Grigorini,agrigorini74@timesonline.co.uk,Masculino,12/29/1973
25297271,Sumner,Gerrietz,sgerrietz75@hhs.gov,Femenino,6/18/1984
69245929,Ruth,Dyde,rdyde76@rambler.ru,Masculino,6/30/1976
41158356,Lenard,Dudding,ldudding77@illinois.edu,Femenino,8/18/2009
65374688,Ryun,Finnis,rfinnis78@reddit.com,Femenino,12/15/1989
60701089,Wye,Penticoot,wpenticoot79@alexa.com,Femenino,5/21/2005
09422854,Tucker,Josh,tjosh7a@cisco.com,Femenino,8/18/1985
46209089,Abbe,Cassin,acassin7b@alexa.com,Femenino,1/30/1991
82005059,Allis,Frayne,afrayne7c@youtube.com,Masculino,1/8/1993
66677485,Allina,Manning,amanning7d@bbc.co.uk,Femenino,1/5/1996
85868523,Karina,Fardoe,kfardoe7e@hc360.com,Masculino,3/30/2004
49001936,Warde,Kollasch,wkollasch7f@plala.or.jp,Femenino,8/25/1965
72662290,Louisa,Swinden,lswinden7g@newsvine.com,Femenino,12/21/2009
70031774,Verne,Plumridege,vplumridege7h@feedburner.com,Femenino,12/4/1968
05421703,Juan,Crinidge,jcrinidge7i@ustream.tv,Femenino,9/22/1999
83512541,Nappy,Slamaker,nslamaker7j@apple.com,Masculino,7/7/1971
75365517,Carrie,Aris,caris7k@theatlantic.com,Masculino,4/5/1981
67601556,Orly,Coye,ocoye7l@yellowbook.com,Masculino,3/23/1978
06831473,Barde,Escot,bescot7m@trellian.com,Femenino,4/25/2004
28235434,Perry,Brito,pbrito7n@cocolog-nifty.com,Masculino,5/5/2008
58687919,Claudianus,Cake,ccake7o@patch.com,Masculino,6/1/2011
17785588,Shellysheldon,Lamberts,slamberts7p@guardian.co.uk,Masculino,3/1/1980
33969120,Moyna,Measures,mmeasures7q@ocn.ne.jp,Femenino,7/13/1964
32347415,Jessi,Shippard,jshippard7r@technorati.com,Masculino,11/30/2004
20082514,Marlena,Taveriner,mtaveriner7s@parallels.com,Femenino,4/25/1980
88919010,Evan,McKeever,emckeever7t@livejournal.com,Femenino,1/12/1983
29049741,Neddie,Hinder,nhinder7u@washington.edu,Masculino,1/3/1982
60878712,Bartlet,Mathew,bmathew7v@aboutads.info,Masculino,6/9/2006
91219994,Galven,Addie,gaddie7w@redcross.org,Femenino,11/13/2000
75933143,Shandy,Bruhnsen,sbruhnsen7x@ucsd.edu,Femenino,3/25/1963
55348359,Jess,Bothams,jbothams7y@blinklist.com,Femenino,7/13/1987
04612211,Kaylee,Daborn,kdaborn7z@newsvine.com,Femenino,2/19/1961
93558661,Anjanette,Ibbs,aibbs80@businessweek.com,Masculino,4/12/1992
39065971,Webster,Lowne,wlowne81@ovh.net,Masculino,6/15/2005
37712712,Casandra,Revey,crevey82@usatoday.com,Femenino,1/13/1979
78006485,Godfree,Bourgourd,gbourgourd83@whitehouse.gov,Femenino,3/23/1984
03970658,Dorette,Bonifazio,dbonifazio84@marketwatch.com,Femenino,5/25/1976
61713095,Herc,Muat,hmuat85@slashdot.org,Masculino,1/22/1966
26825429,Cherlyn,Gettins,cgettins86@archive.org,Femenino,7/28/1960
41350976,Herby,Garey,hgarey87@buzzfeed.com,Masculino,9/2/1987
21210480,Chicky,Dayes,cdayes88@mashable.com,Femenino,8/30/1969
11823733,Ashbey,Maffini,amaffini89@wired.com,Masculino,9/12/1976
09615453,Tomkin,Seid,tseid8a@ibm.com,Masculino,4/2/2005
11502673,Henrik,Kenn,hkenn8b@sogou.com,Masculino,3/3/1977
03977390,Eduard,McRitchie,emcritchie8c@rediff.com,Masculino,7/21/1965
30582413,Demetria,Alleway,dalleway8d@webnode.com,Masculino,5/9/1966
23830245,Ranice,Bennett,rbennett8e@jigsy.com,Femenino,3/1/1992
03724645,Jefferey,Maraga,jmaraga8f@sun.com,Femenino,7/14/1978
40077092,Sheila,Ingarfield,singarfield8g@example.com,Masculino,3/10/1991
37867261,Ephrem,Greenroad,egreenroad8h@blogtalkradio.com,Femenino,8/19/1971
97568543,Evelyn,Yerby,eyerby8i@examiner.com,Femenino,5/14/1971
29771479,Beau,Gofford,bgofford8j@symantec.com,Femenino,7/11/1987
11499331,Ashli,Oxton,aoxton8k@home.pl,Masculino,10/19/2005
59267282,Estelle,Karppi,ekarppi8l@slate.com,Femenino,9/26/2009
17939258,Gustie,Dudek,gdudek8m@tripadvisor.com,Masculino,2/17/2001
45232709,Alfred,Whistlecraft,awhistlecraft8n@acquirethisname.com,Femenino,3/22/1978
22423090,Christoper,Hoodlass,choodlass8o@cpanel.net,Femenino,5/12/1999
82904623,Shellie,Reside,sreside8p@redcross.org,Masculino,12/13/2009
46951178,Grace,Snowling,gsnowling8q@examiner.com,Femenino,8/30/1976
43694945,Elayne,Prestner,eprestner8r@homestead.com,Femenino,7/23/1960
51044155,Brit,Zini,bzini8s@sakura.ne.jp,Femenino,12/9/1970
19618368,Sascha,Fullstone,sfullstone8t@ebay.com,Masculino,12/19/1969
74252642,Daffy,Topp,dtopp8u@economist.com,Femenino,6/21/1994
47106326,Shandra,Seers,sseers8v@umn.edu,Femenino,2/3/2013
04887220,Irina,Antat,iantat8w@google.co.jp,Masculino,5/29/2011
65651407,Duff,Whylie,dwhylie8x@unc.edu,Femenino,4/14/1993
13223650,Durand,Reade,dreade8y@shinystat.com,Femenino,6/10/1987
09006350,Modesty,Delacroix,mdelacroix8z@reference.com,Femenino,8/9/1984
87129088,Binny,MacPadene,bmacpadene90@yahoo.com,Femenino,10/27/2007
41718310,Winn,Filasov,wfilasov91@wordpress.com,Masculino,12/3/1969
61311864,Randie,Rainville,rrainville92@vk.com,Masculino,4/21/1999
92107017,Annissa,Cosbee,acosbee93@squidoo.com,Masculino,10/10/1998
84572087,Antons,Peddowe,apeddowe94@artisteer.com,Femenino,7/28/1964
23194256,Bernette,Wimp,bwimp95@biglobe.ne.jp,Masculino,3/8/1984
86292599,Brigitte,Regardsoe,bregardsoe96@jiathis.com,Femenino,4/10/1997
05192751,Brandea,Dusting,bdusting97@goo.gl,Femenino,6/21/1979
82361321,Janith,Risdale,jrisdale98@ocn.ne.jp,Femenino,3/14/1973
94621440,Konstanze,Neggrini,kneggrini99@amazon.co.jp,Femenino,4/9/1999
87954684,Keely,Marling,kmarling9a@wordpress.com,Femenino,7/3/1967
38731403,Franciska,Kilsby,fkilsby9b@naver.com,Femenino,12/17/1988
39858288,Ailbert,Deam,adeam9c@alexa.com,Femenino,11/16/1976
42387244,Elisa,Sells,esells9d@cam.ac.uk,Masculino,6/24/2004
14054063,Eleanora,Pollock,epollock9e@statcounter.com,Masculino,10/23/1974
47788183,Kiele,Druce,kdruce9f@4shared.com,Femenino,12/9/1991
94809861,Shepherd,Mannion,smannion9g@fda.gov,Masculino,10/4/1981
85038094,Bryce,Belchambers,bbelchambers9h@geocities.jp,Femenino,1/18/2013
90260970,Tally,Cornhill,tcornhill9i@merriam-webster.com,Masculino,7/3/2009
90643401,Elna,Boswell,eboswell9j@nationalgeographic.com,Masculino,4/11/2004
39316568,Shelby,Springle,sspringle9k@fc2.com,Femenino,1/15/2007
07272047,Heall,Danielczyk,hdanielczyk9l@alexa.com,Femenino,7/9/2013
26202175,Bondon,Rhead,brhead9m@facebook.com,Masculino,11/25/1987
64053953,Abigael,Wolverson,awolverson9n@marriott.com,Femenino,11/5/2007
54895744,Harriet,Eliyahu,heliyahu9o@networkadvertising.org,Masculino,12/11/1992
07193392,Heda,Mumby,hmumby9p@deviantart.com,Femenino,1/10/1971
52835084,Sebastien,Blankman,sblankman9q@go.com,Masculino,12/12/1975
91757712,Stormy,Baccas,sbaccas9r@blogs.com,Femenino,9/8/1976
11260942,Carma,Schuchmacher,cschuchmacher9s@mail.ru,Masculino,1/23/1998
44028791,Kennedy,Meriel,kmeriel9t@seesaa.net,Femenino,1/21/1981
08419628,Vikky,Shorey,vshorey9u@blinklist.com,Masculino,7/21/2006
70702760,Giusto,Matias,gmatias9v@vinaora.com,Femenino,10/2/1967
30701027,Rebbecca,Frier,rfrier9w@ihg.com,Masculino,1/22/1999
72705362,Cathy,Siaskowski,csiaskowski9x@ifeng.com,Masculino,5/20/1970
08583326,Robbie,Evitts,revitts9y@ifeng.com,Femenino,5/8/1975
49338637,Daven,Chalder,dchalder9z@nifty.com,Masculino,8/10/1960
27034963,Blakeley,Biever,bbievera0@php.net,Femenino,11/10/2008
62468248,Lowrance,Leipelt,lleipelta1@nih.gov,Masculino,11/17/2011
18815877,Ammamaria,Nevet,aneveta2@paypal.com,Masculino,11/24/1962
69373884,Peggi,Smetoun,psmetouna3@virginia.edu,Femenino,11/7/1985
77833380,Thomas,Jirusek,tjiruseka4@canalblog.com,Masculino,5/25/1989
85716436,Annette,Sturdey,asturdeya5@wisc.edu,Femenino,8/1/2005
17315735,Stace,Lovett,slovetta6@earthlink.net,Masculino,10/11/1974
87690706,Mersey,Boni,mbonia7@time.com,Femenino,2/4/1982
93701400,Lauralee,Narup,lnarupa8@naver.com,Femenino,11/5/1980
26270396,Benedikta,Vickerstaff,bvickerstaffa9@independent.co.uk,Masculino,12/14/1966
74524772,Richard,Cowwell,rcowwellaa@tamu.edu,Femenino,11/7/2005
53239052,Trisha,Blois,tbloisab@last.fm,Masculino,9/23/2011
75876980,Laureen,Manterfield,lmanterfieldac@ezinearticles.com,Masculino,5/22/1962
42123547,Christan,Daughtrey,cdaughtreyad@myspace.com,Femenino,11/29/1993
12617199,Whit,Lewer,wlewerae@symantec.com,Femenino,1/22/1977
21328044,Dacey,Armell,darmellaf@accuweather.com,Femenino,2/12/2004
12148296,Dael,Samwyse,dsamwyseag@google.es,Femenino,5/5/1976
54082747,Englebert,Blythin,eblythinah@ftc.gov,Masculino,10/2/2004
19101798,Diahann,Sjostrom,dsjostromai@elegantthemes.com,Femenino,4/12/1969
32140660,Prisca,Hasnney,phasnneyaj@themeforest.net,Femenino,6/14/1968
25563690,Boycey,Conichie,bconichieak@scribd.com,Femenino,3/24/2002
50292531,Lee,Bjorkan,lbjorkanal@state.gov,Masculino,4/24/1968
95281359,Adelle,Benyon,abenyonam@mozilla.org,Femenino,1/17/1985
30447788,Dorree,Drover,ddroveran@wix.com,Masculino,12/11/1996
30647556,Marline,Yvens,myvensao@usa.gov,Femenino,9/15/1970
24192724,Gnni,Story,gstoryap@google.co.uk,Femenino,12/3/1960
67959331,Casper,Woodhouse,cwoodhouseaq@a8.net,Femenino,2/5/1970
85694235,Veradis,Tillerton,vtillertonar@xing.com,Femenino,11/14/1974
29281274,Titus,Gustus,tgustusas@sciencedaily.com,Femenino,3/3/1969
45120687,Marlene,Heys,mheysat@blog.com,Masculino,3/27/1965
85405901,Tawsha,Sponder,tsponderau@weather.com,Femenino,4/15/1984
53566948,Webster,Robberecht,wrobberechtav@vistaprint.com,Femenino,4/6/1993
82647701,Whit,Mulqueen,wmulqueenaw@hao123.com,Femenino,3/1/1969
50001599,Mahmoud,Galvin,mgalvinax@addtoany.com,Femenino,1/10/1974
08548041,Betteanne,Mallan,bmallanay@hubpages.com,Femenino,9/23/2009
71325977,Chiquia,Poxson,cpoxsonaz@hatena.ne.jp,Femenino,5/19/1972
78635009,Chris,Tesdale,ctesdaleb0@github.io,Masculino,6/20/1984
89400870,Prentiss,Withur,pwithurb1@stumbleupon.com,Masculino,10/11/1973
73654569,Andres,Gillham,agillhamb2@sina.com.cn,Masculino,10/1/1982
69645184,Stacey,Pedwell,spedwellb3@seattletimes.com,Masculino,11/10/2002
50425118,Stanwood,Ivanin,sivaninb4@cdbaby.com,Femenino,10/12/1971
22780735,Daron,Jewitt,djewittb5@gov.uk,Femenino,8/13/1969
80784538,Nickolai,Sacker,nsackerb6@google.ru,Femenino,9/18/1996
48192808,Odille,Roslen,oroslenb7@youtu.be,Femenino,6/18/1979
81929704,Wilma,MacDuff,wmacduffb8@google.com.hk,Femenino,9/3/1985
87690046,Tirrell,Foffano,tfoffanob9@wikipedia.org,Masculino,4/17/1972
40862217,Evangelia,Strognell,estrognellba@hibu.com,Masculino,1/18/1996
57273578,Isadora,Crampton,icramptonbb@si.edu,Masculino,11/26/2009
21695257,Rudyard,De Marchi,rdemarchibc@indiatimes.com,Masculino,4/22/2007
60805232,Pearle,Middlemiss,pmiddlemissbd@tripod.com,Femenino,3/29/1970
80781992,Orran,Darcy,odarcybe@google.it,Masculino,9/27/1969
29150894,Wilone,Crusham,wcrushambf@apple.com,Masculino,9/17/1960
07440463,Moses,Drugan,mdruganbg@about.me,Femenino,5/13/2012
77611367,Neilla,Shute,nshutebh@army.mil,Masculino,2/12/1970
88969341,Dan,Polon,dpolonbi@earthlink.net,Masculino,1/6/1981
67996289,Guglielmo,Hodgon,ghodgonbj@amazon.co.jp,Masculino,7/17/1960
33252428,Sukey,Huison,shuisonbk@trellian.com,Femenino,8/6/1992
09470880,Karole,Peaseman,kpeasemanbl@instagram.com,Masculino,3/14/2002
91424939,Karleen,Thomton,kthomtonbm@cbc.ca,Femenino,7/14/1982
23850339,Joya,Cracker,jcrackerbn@amazon.de,Masculino,7/14/1986
53518544,Abel,Runge,arungebo@yelp.com,Masculino,12/17/1960
34739887,Isadore,Fielder,ifielderbp@e-recht24.de,Femenino,6/27/1975
62961312,Petr,Sorrel,psorrelbq@wunderground.com,Masculino,7/13/1983
08081689,Corbin,Labbez,clabbezbr@imdb.com,Masculino,1/13/1963
86840253,Marissa,Lavall,mlavallbs@studiopress.com,Masculino,9/15/1990
58931133,Allison,Eggle,aegglebt@engadget.com,Femenino,12/17/1990
77303587,Lory,Kynaston,lkynastonbu@sun.com,Masculino,7/6/1982
90844312,Saba,Graveston,sgravestonbv@ameblo.jp,Femenino,11/5/1962
56795020,Helsa,Liver,hliverbw@wisc.edu,Femenino,7/30/2012
44925327,Parrnell,Terlinden,pterlindenbx@disqus.com,Masculino,8/26/1998
17706725,Keir,Guerner,kguernerby@illinois.edu,Masculino,4/15/1971
29824004,Amil,O'Calleran,aocalleranbz@cbslocal.com,Masculino,3/21/2001
46622132,Lief,Fawdrie,lfawdriec0@biglobe.ne.jp,Masculino,9/12/2007
16235503,Phil,Blowers,pblowersc1@flickr.com,Masculino,4/9/1972
81621572,Godard,Gideon,ggideonc2@amazon.com,Femenino,9/22/1960
82583601,Alair,Blinerman,ablinermanc3@state.tx.us,Femenino,2/5/1999
36562549,Leonore,Howland,lhowlandc4@businessinsider.com,Masculino,11/15/1967
02821441,Murial,Dillicate,mdillicatec5@pagesperso-orange.fr,Masculino,9/5/1996
61583372,Johnnie,Ferrotti,jferrottic6@wisc.edu,Femenino,9/16/1976
07390124,Evania,Heake,eheakec7@123-reg.co.uk,Masculino,9/28/1986
85302694,Elizabeth,Kahler,ekahlerc8@soundcloud.com,Masculino,9/12/2001
25148863,Marwin,McErlaine,mmcerlainec9@shop-pro.jp,Femenino,8/19/2007
72897655,Melicent,Yeomans,myeomansca@wp.com,Femenino,3/30/2010
74144328,Paula,Ply,pplycb@vistaprint.com,Masculino,11/17/1989
28261023,Kary,Duffie,kduffiecc@dropbox.com,Femenino,6/6/1967
49172990,Eugenius,Jackett,ejackettcd@sohu.com,Masculino,10/7/1996
71169496,Kristo,Sherrett,ksherrettce@barnesandnoble.com,Femenino,12/15/1978
04824512,Betteanne,Paradis,bparadiscf@behance.net,Masculino,10/26/1981
29843936,Blondell,Eakeley,beakeleycg@google.com.au,Masculino,6/27/1976
25812500,Estelle,Lawford,elawfordch@spiegel.de,Femenino,10/31/1996
80381999,Trace,Molloy,tmolloyci@yellowpages.com,Masculino,1/5/2009
80461530,Darby,Ferrarello,dferrarellocj@google.cn,Femenino,10/7/2005
56881500,Cathleen,Lofthouse,clofthouseck@jugem.jp,Masculino,2/23/1965
77632626,Liane,Viegas,lviegascl@omniture.com,Masculino,2/22/1975
36572037,Gale,Puttergill,gputtergillcm@lycos.com,Femenino,7/10/1996
76741762,Rebe,Matveichev,rmatveichevcn@reuters.com,Masculino,11/28/1991
17545098,Reggie,Sulter,rsulterco@netscape.com,Masculino,1/19/1970
91970744,Arri,Heindrich,aheindrichcp@hostgator.com,Femenino,1/1/2010
78133246,Saloma,Magor,smagorcq@google.ca,Masculino,1/25/1977
93193444,Rockwell,Buckberry,rbuckberrycr@bravesites.com,Femenino,9/30/2010
38947979,Nefen,Marlon,nmarloncs@comsenz.com,Femenino,3/30/1994
93234772,Halsy,Tregona,htregonact@umn.edu,Masculino,12/10/1990
17883701,Dominic,Dykins,ddykinscu@naver.com,Masculino,12/17/2007
67520978,Austin,Dresse,adressecv@taobao.com,Femenino,9/3/2008
83764306,Nilson,Overil,noverilcw@sphinn.com,Femenino,6/12/2003
64445213,Suki,Butterick,sbutterickcx@dropbox.com,Femenino,6/12/1984
28253107,Selle,Girardi,sgirardicy@indiatimes.com,Femenino,9/25/2006
84238049,Sisely,Simenot,ssimenotcz@uol.com.br,Femenino,3/28/1962
78399724,Blondie,Strange,bstranged0@wikispaces.com,Femenino,11/29/1987
85093373,Manya,Carpenter,mcarpenterd1@ebay.co.uk,Masculino,3/24/1974
17345353,Noellyn,Riseborough,nriseboroughd2@ucoz.ru,Masculino,3/21/2001
65126651,Dennison,Hawtrey,dhawtreyd3@github.com,Femenino,8/13/2011
31855274,Illa,Roma,iromad4@jugem.jp,Femenino,1/29/2010
35379759,Lianne,Frichley,lfrichleyd5@google.it,Masculino,11/25/1979
05048798,Jeff,Oliphand,joliphandd6@cloudflare.com,Femenino,1/30/1996
15398089,Rhianon,Walsh,rwalshd7@wordpress.org,Femenino,3/12/1961
00500734,Caroline,Mordecai,cmordecaid8@archive.org,Masculino,12/29/2008
79510382,Hester,Plaid,hplaidd9@drupal.org,Femenino,3/7/2009
99591874,Ruthi,Halpen,rhalpenda@miitbeian.gov.cn,Femenino,12/21/1973
60579741,Ediva,Base,ebasedb@chronoengine.com,Masculino,1/3/2014
57886227,Kalila,Winchcomb,kwinchcombdc@ocn.ne.jp,Masculino,11/21/2001
77207979,Jae,Lauks,jlauksdd@go.com,Femenino,4/15/1979
37314825,Deck,Bretelle,dbretellede@thetimes.co.uk,Masculino,4/23/1979
05561745,Panchito,Hannum,phannumdf@columbia.edu,Femenino,11/17/1970
74560365,Antin,Slate,aslatedg@comsenz.com,Masculino,1/1/1978
19328879,Babb,Kobpa,bkobpadh@statcounter.com,Masculino,6/23/2006
01291432,Millicent,Vasyutochkin,mvasyutochkindi@businessweek.com,Masculino,5/12/1995
20597711,Mohammed,Safe,msafedj@php.net,Femenino,5/20/1982
66520368,Angelique,Bick,abickdk@posterous.com,Masculino,7/21/1970
56851829,Dorian,Breeder,dbreederdl@irs.gov,Femenino,2/2/2007
93270198,Tait,Baldcock,tbaldcockdm@yahoo.com,Masculino,5/26/1978
67301382,Jerrold,Wildber,jwildberdn@dailymotion.com,Masculino,5/5/1999
81211724,Cozmo,Barriball,cbarriballdo@linkedin.com,Masculino,1/12/2011
85429095,Loralee,Dossetter,ldossetterdp@businesswire.com,Femenino,12/3/2005
01076561,Tabor,Mote,tmotedq@cornell.edu,Masculino,11/11/1997
21378278,Druci,Gergler,dgerglerdr@ihg.com,Femenino,12/4/1987
26934603,Nettle,Card,ncardds@twitter.com,Masculino,7/10/1975
55338965,Nola,Wallice,nwallicedt@example.com,Masculino,3/7/1963
33970692,Devi,Litt,dlittdu@aol.com,Masculino,2/21/1967
29167869,Sutherlan,Mabley,smableydv@bandcamp.com,Femenino,12/23/1985
18683746,Peggie,Hallworth,phallworthdw@alibaba.com,Femenino,10/6/1989
71634943,Pincus,Yeude,pyeudedx@netlog.com,Masculino,3/8/1972
41202125,Tedda,Fadell,tfadelldy@nature.com,Femenino,2/7/2003
73282162,Michal,Marfell,mmarfelldz@gizmodo.com,Femenino,7/4/1995
28890472,Donni,Caush,dcaushe0@utexas.edu,Masculino,8/13/1972
46956601,Northrup,Stearnes,nstearnese1@blogspot.com,Femenino,8/15/2004
17983224,Mireille,Skrzynski,mskrzynskie2@lycos.com,Femenino,11/22/2011
51115395,Cam,Hardwich,chardwiche3@bravesites.com,Masculino,11/21/2006
19050169,Carolyne,Chazotte,cchazottee4@cornell.edu,Masculino,6/6/1962
56259282,Melinda,Dowdam,mdowdame5@mail.ru,Femenino,1/10/2014
13361148,Moyra,Annion,mannione6@taobao.com,Masculino,3/25/2002
01948376,Dido,Klugel,dklugele7@cnbc.com,Masculino,1/7/1974
93184394,Alaster,Stening,asteninge8@nationalgeographic.com,Femenino,4/13/1989
61739758,Arny,Cone,aconee9@baidu.com,Masculino,8/26/2005
79787698,Pamela,Pickthorn,ppickthornea@europa.eu,Femenino,12/25/1985
05039850,Marnia,Worsell,mworselleb@discuz.net,Femenino,1/17/1974
00555335,Sianna,Rown,srownec@list-manage.com,Femenino,11/22/2004
69596196,Kristy,Willett,kwilletted@netlog.com,Femenino,10/6/1989
91875042,Pearle,Whittall,pwhittallee@ycombinator.com,Masculino,9/11/2008
54093823,Fayth,Huncote,fhuncoteef@intel.com,Masculino,3/28/1976
27728651,Ambur,Okeshott,aokeshotteg@columbia.edu,Masculino,10/25/1967
28209430,Novelia,Ormond,normondeh@aboutads.info,Masculino,6/9/1984
89800087,Myranda,De la Eglise,mdelaegliseei@nba.com,Masculino,3/10/1985
42390847,Olvan,Kays,okaysej@drupal.org,Masculino,8/20/1994
57493647,Terri,Vaneev,tvaneevek@tiny.cc,Masculino,3/9/1999
31999335,Lazarus,Stayte,lstayteel@spiegel.de,Femenino,5/13/1989
98834292,Emmeline,Suter,esuterem@youku.com,Femenino,2/13/2002
84322640,Adriena,Peachey,apeacheyen@theglobeandmail.com,Femenino,6/7/1983
87380747,Lambert,Iskowitz,liskowitzeo@umich.edu,Masculino,1/25/1990
22617811,Claudetta,Qusklay,cqusklayep@oaic.gov.au,Femenino,5/20/1975
37007510,Malchy,Abramow,mabramoweq@webs.com,Femenino,5/24/2012
49544353,Risa,Lilloe,rlilloeer@ibm.com,Femenino,1/14/2007
51058059,Billi,Gorler,bgorleres@angelfire.com,Masculino,8/10/2000
23110104,Devina,Shird,dshirdet@narod.ru,Femenino,7/5/1966
74561913,Fairlie,enzley,fenzleyeu@amazon.com,Masculino,12/27/1963
52350572,Reube,Becaris,rbecarisev@fc2.com,Femenino,12/20/1985
92186540,Deva,McErlaine,dmcerlaineew@ask.com,Femenino,12/7/1962
48434109,Constantia,Abramovicz,cabramoviczex@netvibes.com,Masculino,11/7/2012
44227248,Franzen,Axton,faxtoney@timesonline.co.uk,Masculino,2/21/1999
79411448,Sibeal,Iskow,siskowez@studiopress.com,Femenino,10/26/2013
23131373,Whittaker,Darwen,wdarwenf0@mtv.com,Masculino,7/20/1979
85078047,Ced,Goodee,cgoodeef1@dailymail.co.uk,Femenino,3/5/1978
10863939,Lorri,Charters,lchartersf2@sourceforge.net,Masculino,11/22/1967
92911504,Van,Perview,vperviewf3@statcounter.com,Masculino,4/21/1992
39976086,Julian,Schule,jschulef4@addthis.com,Masculino,2/26/1976
39817218,Karim,Prestwich,kprestwichf5@weebly.com,Masculino,5/3/1963
99574576,Hermy,Demchen,hdemchenf6@friendfeed.com,Masculino,1/21/1999
45502890,Angelika,Caig,acaigf7@webmd.com,Femenino,7/14/1981
31201747,Karilynn,Casement,kcasementf8@sfgate.com,Masculino,10/9/1966
45877241,Arly,Bankhurst,abankhurstf9@gizmodo.com,Femenino,3/17/2013
76161006,Bartlett,Jiras,bjirasfa@creativecommons.org,Masculino,3/13/1961
11131246,Ddene,Maris,dmarisfb@smugmug.com,Femenino,6/25/2011
22603676,Dare,Dalgarnocht,ddalgarnochtfc@flavors.me,Femenino,8/29/1974
59150152,Nicky,Edensor,nedensorfd@weather.com,Masculino,12/31/1993
21660980,Anna-diane,Alliberton,aallibertonfe@unblog.fr,Masculino,2/14/2011
86258858,Mar,Jeffes,mjeffesff@state.gov,Masculino,11/20/2004
87848998,Didi,Laxon,dlaxonfg@prnewswire.com,Masculino,10/24/1961
73642581,Clerkclaude,Glentworth,cglentworthfh@goo.gl,Masculino,12/26/2000
42016929,Giuditta,Valentim,gvalentimfi@msn.com,Femenino,6/11/1992
89169215,Alfie,Ceschini,aceschinifj@fda.gov,Masculino,11/26/1996
35306387,Trey,Derges,tdergesfk@yahoo.com,Masculino,12/18/1971
90984633,Libby,Lewty,llewtyfl@epa.gov,Femenino,10/6/2008
70221018,Jobey,Maxworthy,jmaxworthyfm@ibm.com,Masculino,7/13/1986
95717347,Wood,Seton,wsetonfn@example.com,Femenino,12/25/2004
66459558,Kissie,Cresswell,kcresswellfo@imageshack.us,Masculino,9/6/1966
10078290,Pete,Haley,phaleyfp@ft.com,Femenino,1/13/1992
80028846,Floyd,Pearman,fpearmanfq@canalblog.com,Femenino,3/14/2000
58977727,Elke,Crosland,ecroslandfr@myspace.com,Femenino,5/29/1963
01790577,Fiorenze,Menere,fmenerefs@tinypic.com,Masculino,11/10/2004
48196454,Judas,Senescall,jsenescallft@uiuc.edu,Masculino,11/28/2008
23492107,Ewan,Peirce,epeircefu@google.com.hk,Masculino,12/11/1970
61414247,Philomena,Alesbrook,palesbrookfv@odnoklassniki.ru,Masculino,6/25/1989
17325521,Desmond,Trigg,dtriggfw@accuweather.com,Masculino,5/26/1986
65957391,Guthrie,Sankey,gsankeyfx@indiegogo.com,Femenino,3/26/2010
54556116,Analise,Batistelli,abatistellify@globo.com,Femenino,5/16/1999
00450027,Filbert,Birbeck,fbirbeckfz@chron.com,Masculino,4/13/2009
23428425,Ferdinande,Frigout,ffrigoutg0@msu.edu,Femenino,4/3/1975
80856336,Benedetto,Cusworth,bcusworthg1@blogtalkradio.com,Femenino,10/4/1995
74679664,Dory,Irving,dirvingg2@livejournal.com,Femenino,10/1/1997
49824019,Ingunna,Kellard,ikellardg3@mapy.cz,Femenino,7/12/1974
36074327,Natala,Antoniou,nantonioug4@sciencedirect.com,Masculino,8/30/1969
85286901,Valentijn,Guerrieri,vguerrierig5@nationalgeographic.com,Masculino,3/29/1978
48041469,Heinrick,Phinnis,hphinnisg6@earthlink.net,Masculino,12/27/2000
63441757,Verina,Moger,vmogerg7@t-online.de,Femenino,1/7/1966
27771303,Elliott,Paxton,epaxtong8@amazon.co.jp,Femenino,4/14/1983
76150589,Davis,Lambourne,dlambourneg9@scientificamerican.com,Femenino,8/12/1995
03686185,Lora,Ervin,lervinga@yolasite.com,Masculino,10/7/1973
46028072,Luciana,Lathee,llatheegb@vkontakte.ru,Masculino,5/4/1975
00972876,Wilmar,Benediktsson,wbenediktssongc@google.ru,Masculino,10/6/1984
51088690,Arabela,Mayhead,amayheadgd@hhs.gov,Masculino,3/27/1969
02514778,Ford,Perrat,fperratge@booking.com,Femenino,6/4/1998
27844849,Afton,Laurentino,alaurentinogf@cbc.ca,Femenino,4/8/1986
08492347,Lyle,Garrioch,lgarriochgg@example.com,Femenino,1/12/2006
38372735,April,Snare,asnaregh@mayoclinic.com,Masculino,5/13/2011
74380228,Carolin,Zapatero,czapaterogi@gizmodo.com,Femenino,9/23/2013
66756070,Alisha,Stut,astutgj@merriam-webster.com,Femenino,5/23/1997
56281687,Archaimbaud,Burgum,aburgumgk@theatlantic.com,Femenino,4/6/2005
57315207,Meridel,Sabater,msabatergl@pagesperso-orange.fr,Masculino,6/4/1963
51104535,Parnell,Tuxell,ptuxellgm@addthis.com,Femenino,7/14/2005
63453343,Michal,Basire,mbasiregn@naver.com,Femenino,4/14/2011
91399087,Giordano,Rentalll,grentalllgo@ucoz.ru,Masculino,12/11/2007
25112777,Mirabelle,Iacoviello,miacoviellogp@mtv.com,Masculino,7/20/1970
13236815,Randy,Prynne,rprynnegq@themeforest.net,Masculino,4/7/1960
56644436,Nate,Ashard,nashardgr@tuttocitta.it,Femenino,4/12/1972
83297844,Cassie,Francais,cfrancaisgs@joomla.org,Femenino,5/26/2002
47789707,Iona,O'Fogarty,iofogartygt@e-recht24.de,Femenino,11/20/1992
06737838,Kikelia,Strangman,kstrangmangu@freewebs.com,Femenino,8/18/1995
31554030,Franni,Alltimes,falltimesgv@linkedin.com,Femenino,7/13/2012
00935649,Brande,Mulliss,bmullissgw@craigslist.org,Femenino,10/15/1978
78742319,Odille,Hanes,ohanesgx@newsvine.com,Masculino,3/4/1982
42975045,Joanne,Owers,jowersgy@miibeian.gov.cn,Masculino,12/10/1966
46796620,Lenora,Vigietti,lvigiettigz@cargocollective.com,Femenino,10/1/1984
88962859,Franz,Loughney,floughneyh0@hostgator.com,Femenino,5/30/2008
01964902,Beaufort,Weld,bweldh1@boston.com,Masculino,1/15/1982
59934578,Vasili,Heffron,vheffronh2@timesonline.co.uk,Femenino,8/15/1994
82445844,Ferdy,Whitlam,fwhitlamh3@g.co,Femenino,11/19/2001
47564571,Nathanial,McOmish,nmcomishh4@cbc.ca,Masculino,5/3/2005
78531075,Giustina,Knowlys,gknowlysh5@ox.ac.uk,Masculino,3/1/1997
49532261,Goraud,Keyson,gkeysonh6@nature.com,Femenino,5/7/2007
61268419,Frasco,Coultass,fcoultassh7@lulu.com,Masculino,9/28/1961
16964115,Quintus,Morgans,qmorgansh8@blogger.com,Masculino,5/10/1984
83902831,Siusan,Heditch,sheditchh9@soup.io,Femenino,5/2/2008
48493457,Amargo,London,alondonha@comsenz.com,Masculino,10/1/2000
83393697,Claybourne,De Bruyne,cdebruynehb@uol.com.br,Masculino,10/16/1983
65642401,Mab,Shilleto,mshilletohc@symantec.com,Masculino,10/17/1988
55891663,Mahmud,Bowie,mbowiehd@ibm.com,Masculino,8/23/1981
82806919,Bertram,Girvan,bgirvanhe@state.tx.us,Masculino,8/23/1976
34299001,Gallagher,Lewens,glewenshf@wordpress.com,Masculino,8/18/1980
46422394,Denise,Boulton,dboultonhg@eventbrite.com,Masculino,1/3/1986
12108627,Ferdinand,Labbet,flabbethh@google.de,Femenino,8/14/1991
84672965,Gilbertine,Bisatt,gbisatthi@irs.gov,Masculino,10/4/1998
34696068,Barron,Martineau,bmartineauhj@netscape.com,Femenino,2/26/1977
68142992,Nickola,Cawte,ncawtehk@auda.org.au,Masculino,4/27/1970
31581754,Dannie,Matchett,dmatchetthl@google.de,Masculino,11/27/2013
34966349,Chance,Megarrell,cmegarrellhm@wikimedia.org,Femenino,2/1/1990
77934658,Mariska,Craven,mcravenhn@istockphoto.com,Femenino,2/14/1993
21428849,Ulric,Presnail,upresnailho@nifty.com,Femenino,10/25/1972
54591868,Lawrence,Bodemeaid,lbodemeaidhp@tripod.com,Masculino,7/18/2014
97947038,Gav,Caplis,gcaplishq@istockphoto.com,Femenino,6/14/2005
50570999,Aloysius,Scrancher,ascrancherhr@altervista.org,Masculino,9/19/1982
57807139,Tamra,Sparshott,tsparshotths@123-reg.co.uk,Masculino,5/19/2009
55267428,Lauraine,Lile,llileht@disqus.com,Masculino,6/5/2004
46169178,Fredericka,Karlmann,fkarlmannhu@shop-pro.jp,Masculino,4/4/1996
95721812,Zitella,Bonsale,zbonsalehv@miibeian.gov.cn,Masculino,5/4/1983
42670467,Geneva,Denge,gdengehw@rediff.com,Femenino,10/15/1998
18116373,Rae,Bootherstone,rbootherstonehx@ning.com,Femenino,10/21/2011
18692406,Olivia,MacQuaker,omacquakerhy@gov.uk,Femenino,5/26/1978
18419527,Wrennie,Hebron,whebronhz@addthis.com,Femenino,1/27/1971
78719585,Rhody,Petrowsky,rpetrowskyi0@nbcnews.com,Masculino,7/10/1963
06993840,Tallie,Binder,tbinderi1@ameblo.jp,Femenino,10/6/1964
45866041,Karita,Alvar,kalvari2@xinhuanet.com,Masculino,7/2/1987
09613087,Saunderson,Littleproud,slittleproudi3@nbcnews.com,Masculino,10/29/2008
30124046,Arden,Battista,abattistai4@ox.ac.uk,Femenino,6/30/1978
31585236,Irma,Leppington,ileppingtoni5@usgs.gov,Masculino,1/17/1983
06778367,Marlowe,McEniry,mmceniryi6@icq.com,Masculino,3/16/1962
66970743,Krystyna,Philipsohn,kphilipsohni7@wordpress.com,Masculino,9/25/1989
21828770,Janine,Giovanni,jgiovannii8@bandcamp.com,Femenino,6/25/1966
62903194,Terese,Kynd,tkyndi9@51.la,Femenino,8/15/2010
92638328,Darcee,Kaplin,dkaplinia@wisc.edu,Femenino,12/29/1967
65507545,Merla,Zanuciolii,mzanucioliiib@senate.gov,Femenino,10/29/2008
22143134,Kirsteni,Swaite,kswaiteic@berkeley.edu,Masculino,8/8/1997
87366609,Stevana,Hawksley,shawksleyid@aol.com,Masculino,5/15/1963
13874928,Hurleigh,Moncrieffe,hmoncrieffeie@angelfire.com,Masculino,6/29/2001
07639836,Arvin,Loud,aloudif@irs.gov,Masculino,12/3/1976
30694523,Latrina,Burford,lburfordig@aboutads.info,Masculino,6/16/1978
68443087,Tomaso,Goulbourn,tgoulbournih@hubpages.com,Masculino,2/6/1973
49575627,Hartwell,Paschke,hpaschkeii@telegraph.co.uk,Masculino,7/17/1978
78059304,Francisca,Kusick,fkusickij@reverbnation.com,Femenino,11/26/1984
29899076,Don,Nesbeth,dnesbethik@oakley.com,Femenino,5/30/2007
17882303,Randal,Tuley,rtuleyil@is.gd,Masculino,8/16/1994
27457147,Jorgan,O'Hannigan,johanniganim@geocities.jp,Masculino,3/12/1986
78862761,Zea,Seine,zseinein@nba.com,Femenino,12/12/1969
87841964,Shirl,Hearthfield,shearthfieldio@miibeian.gov.cn,Masculino,3/13/2009
48505882,Elvyn,Gurnee,egurneeip@bluehost.com,Femenino,9/7/1973
21084277,Willabella,Ferrick,wferrickiq@posterous.com,Femenino,8/12/1960
18822305,Bertine,Marron,bmarronir@ow.ly,Masculino,3/21/1984
28526258,Carolin,Kalinowsky,ckalinowskyis@reddit.com,Femenino,4/16/2007
68164965,Marlyn,Mebes,mmebesit@usgs.gov,Masculino,2/5/1996
22792379,Alphonse,Rosendahl,arosendahliu@woothemes.com,Masculino,9/12/1971
15190628,Lydon,Sinclaire,lsinclaireiv@naver.com,Masculino,8/10/2008
86477985,Vassili,Klimkov,vklimkoviw@printfriendly.com,Femenino,6/12/2006
27570335,Thaddeus,Killock,tkillockix@flavors.me,Femenino,5/2/1978
13165809,Gregorio,Ferronet,gferronetiy@intel.com,Femenino,8/23/2003
09285746,Esmeralda,Dubique,edubiqueiz@washington.edu,Femenino,8/5/2003
34149771,Bria,Fowell,bfowellj0@boston.com,Femenino,8/18/1995
88668434,Ola,Huckster,ohucksterj1@sakura.ne.jp,Femenino,3/10/1967
75160782,Chrissie,Trineman,ctrinemanj2@globo.com,Masculino,10/4/2013
53605147,Even,Melloy,emelloyj3@tmall.com,Femenino,10/28/1966
95114881,Arleyne,Brindle,abrindlej4@newyorker.com,Masculino,2/1/2004
42244946,Ebeneser,Danskine,edanskinej5@timesonline.co.uk,Femenino,7/15/1987
35860375,Karylin,Giacovelli,kgiacovellij6@businessinsider.com,Masculino,7/6/1976
33786747,Elsworth,Flacknell,eflacknellj7@people.com.cn,Masculino,7/10/1976
93544443,Calypso,Claybourn,cclaybournj8@house.gov,Femenino,4/24/1976
66596171,Aretha,Cheales,achealesj9@businessweek.com,Masculino,12/17/1988
70900057,Saunder,Beckles,sbecklesja@example.com,Masculino,5/30/1998
69580863,Barby,Treadwell,btreadwelljb@google.nl,Femenino,12/18/1980
53163236,Glennie,Vila,gvilajc@oakley.com,Femenino,11/2/1986
19818814,Kaycee,Guare,kguarejd@google.nl,Masculino,12/3/1971
01733668,Farlie,Costin,fcostinje@lycos.com,Femenino,1/29/2010
29856599,Amabelle,Lebourn,alebournjf@friendfeed.com,Femenino,12/4/2008
81991102,Merwin,Stoeckle,mstoecklejg@github.com,Masculino,12/24/1980
98583289,Datha,Fresson,dfressonjh@digg.com,Femenino,7/29/1966
69737959,Roxana,Swanston,rswanstonji@biblegateway.com,Femenino,2/13/1998
03443798,Evie,Madre,emadrejj@omniture.com,Femenino,5/11/2009
50875224,Buckie,Yantsurev,byantsurevjk@blogs.com,Femenino,1/28/1991
46858636,Paula,Brandenberg,pbrandenbergjl@cam.ac.uk,Femenino,10/1/1982
87901424,Callean,Liddel,cliddeljm@odnoklassniki.ru,Masculino,1/7/1970
83081666,Lynde,Doey,ldoeyjn@elegantthemes.com,Femenino,4/19/1963
06673289,Ogden,Atterbury,oatterburyjo@ebay.co.uk,Masculino,1/31/1996
41478831,Greggory,Whinray,gwhinrayjp@gizmodo.com,Femenino,8/19/2002
78524110,Bill,Windrum,bwindrumjq@nsw.gov.au,Femenino,11/19/2006
91817959,Erwin,Guthrum,eguthrumjr@diigo.com,Femenino,1/17/2003
33317501,Lonnard,Frangleton,lfrangletonjs@infoseek.co.jp,Femenino,1/29/1970
42076589,Elyse,Agron,eagronjt@ihg.com,Masculino,11/24/1979
20472647,Penni,Cheverton,pchevertonju@wikipedia.org,Femenino,9/18/1984
58797367,Richart,Schultheiss,rschultheissjv@topsy.com,Masculino,2/10/1984
03121995,Meggi,Mundee,mmundeejw@statcounter.com,Masculino,11/10/1998
33064790,Edouard,Ship,eshipjx@chicagotribune.com,Femenino,9/30/2007
18228568,Drusilla,Creek,dcreekjy@hc360.com,Femenino,12/7/2008
14520220,Blythe,Peschka,bpeschkajz@sitemeter.com,Masculino,5/22/2002
51374282,Jade,Sinney,jsinneyk0@geocities.com,Femenino,7/11/1996
65078069,Carla,Schoffler,cschofflerk1@eepurl.com,Masculino,10/27/1998
91545923,Martina,Hinckes,mhinckesk2@linkedin.com,Femenino,10/23/2014
68531906,Jarrid,Trett,jtrettk3@diigo.com,Masculino,6/19/2001
06105459,Brucie,King,bkingk4@buzzfeed.com,Femenino,3/9/1993
77299924,Barbabas,Paoloni,bpaolonik5@facebook.com,Femenino,12/11/1975
11410925,Crissy,Charlwood,ccharlwoodk6@creativecommons.org,Masculino,3/1/1993
00492955,Lennard,Danzey,ldanzeyk7@bluehost.com,Femenino,12/9/1997
36984699,Julie,Ghiron,jghironk8@1688.com,Femenino,4/3/1968
00107393,Curtice,Anfossi,canfossik9@wisc.edu,Femenino,5/22/1977
11198000,Austin,Sewart,asewartka@auda.org.au,Femenino,6/17/2003
69362188,Daile,Fussen,dfussenkb@gravatar.com,Masculino,3/30/1998
52105477,Linn,McCard,lmccardkc@nifty.com,Masculino,11/17/1995
71179807,Shane,Bonnor,sbonnorkd@deliciousdays.com,Femenino,9/18/1962
23468071,Ive,Courtese,icourteseke@cornell.edu,Masculino,11/11/2004
65887426,Murdock,Tysack,mtysackkf@cnet.com,Masculino,9/18/2001
97213771,Rafaellle,Foggarty,rfoggartykg@sitemeter.com,Femenino,2/14/1989
69824696,Shari,Doogue,sdooguekh@list-manage.com,Femenino,6/12/1991
40529849,Norry,Mettrick,nmettrickki@dedecms.com,Masculino,11/13/1965
62249477,Fancy,Trench,ftrenchkj@hud.gov,Femenino,3/7/2010
09690588,Guthry,Larroway,glarrowaykk@4shared.com,Femenino,3/7/1968
61559686,Jordana,Gowdridge,jgowdridgekl@shop-pro.jp,Femenino,8/7/1960
40283181,Archambault,Lidbetter,alidbetterkm@google.com.br,Masculino,3/30/1972
87512271,Shurwood,Warre,swarrekn@boston.com,Masculino,6/25/1995
32066976,Ophelie,Lettson,olettsonko@networksolutions.com,Femenino,10/11/1983
79560957,Halimeda,De Carteret,hdecarteretkp@guardian.co.uk,Femenino,4/1/2014
90379599,Justinn,Symper,jsymperkq@indiatimes.com,Femenino,1/1/1970
66537488,Gabrielle,Cartner,gcartnerkr@indiegogo.com,Femenino,2/16/1988
05211673,Leighton,Wyant,lwyantks@tamu.edu,Femenino,2/10/1977
87068970,Sadie,Wigelsworth,swigelsworthkt@wordpress.com,Masculino,3/29/2009
06730657,Howey,Willmore,hwillmoreku@symantec.com,Masculino,5/4/1970
49653133,Calla,Fosken,cfoskenkv@trellian.com,Masculino,9/26/1980
09504968,Archibald,Djurdjevic,adjurdjevickw@zimbio.com,Femenino,12/26/1975
92810547,Corri,Jenny,cjennykx@netlog.com,Femenino,3/4/1979
84030425,Danette,Slidders,dsliddersky@google.ca,Masculino,9/24/1967
75264871,Harry,Jarritt,hjarrittkz@gov.uk,Masculino,6/11/1990
60658477,Halette,Orpen,horpenl0@goodreads.com,Femenino,10/4/1979
78432369,Wallie,Clausner,wclausnerl1@livejournal.com,Masculino,9/4/1987
90859119,Vaughan,Suggey,vsuggeyl2@army.mil,Masculino,5/9/1969
09756962,Kaycee,Rosenthal,krosenthall3@latimes.com,Masculino,5/5/2003
97494592,Anastassia,Kemp,akempl4@addtoany.com,Masculino,7/26/1968
58876512,Emily,Bellenie,ebelleniel5@wunderground.com,Femenino,8/13/1986
73735045,Clarita,Oldcote,coldcotel6@mozilla.com,Masculino,7/10/1988
82521914,Bernice,Phillipp,bphillippl7@admin.ch,Masculino,12/16/1982
39979191,Rolph,Labrum,rlabruml8@unesco.org,Femenino,1/16/1985
12780331,Emeline,Grog,egrogl9@virginia.edu,Masculino,9/23/1995
47425947,Ben,Condon,bcondonla@ox.ac.uk,Masculino,2/18/2000
62242683,Nessy,Skellington,nskellingtonlb@blinklist.com,Femenino,6/25/2005
85849408,Golda,Hradsky,ghradskylc@newsvine.com,Masculino,2/1/1990
12692314,Lotte,Gambrell,lgambrellld@desdev.cn,Femenino,8/11/2009
27882926,Ugo,Obal,uoballe@seesaa.net,Femenino,2/22/2003
02502284,Donn,Boyde,dboydelf@dagondesign.com,Femenino,4/23/1967
09163313,Mattie,Sadler,msadlerlg@slashdot.org,Masculino,11/19/1975
67027421,Rickey,Clymer,rclymerlh@ning.com,Femenino,4/1/1999
38613775,Bryna,Skullet,bskulletli@squarespace.com,Masculino,3/3/1969
23347630,Ameline,Darlison,adarlisonlj@booking.com,Femenino,8/7/1989
97941665,Erastus,Chrisp,echrisplk@last.fm,Femenino,3/9/2002
92064377,Lise,Pinkerton,lpinkertonll@newsvine.com,Masculino,11/19/1972
77645642,Joscelin,covino,jcovinolm@vk.com,Masculino,11/19/2007
14877580,Kata,Marchelli,kmarchelliln@irs.gov,Femenino,11/11/1993
22146888,Nicky,Forestall,nforestalllo@ocn.ne.jp,Femenino,12/24/1979
83041219,Rosalynd,Patrickson,rpatricksonlp@github.io,Femenino,12/31/1982
13439668,Kirstyn,Burn,kburnlq@europa.eu,Femenino,1/9/1963
92608174,Marcus,Quene,mquenelr@parallels.com,Masculino,1/4/1992
68148650,Jerrome,Fletcher,jfletcherls@hexun.com,Masculino,12/10/1997
13866954,Christal,Macken,cmackenlt@msu.edu,Masculino,8/24/1997
08844104,Bailie,Decourcy,bdecourcylu@noaa.gov,Femenino,4/4/2005
21757318,Laurianne,Trillo,ltrillolv@pbs.org,Femenino,5/27/2013
68256321,Tilda,Willmore,twillmorelw@google.de,Femenino,5/30/1977
47326619,Becki,Schmuhl,bschmuhllx@walmart.com,Masculino,1/22/1997
77377202,Gwyneth,Cocher,gcocherly@google.pl,Femenino,7/5/1982
55538165,Johanna,Boxall,jboxalllz@vistaprint.com,Femenino,4/18/1962
52880761,Doe,Siflet,dsifletm0@photobucket.com,Femenino,8/4/2001
10848013,Kaylee,Grice,kgricem1@edublogs.org,Femenino,1/12/1976
67007649,Raye,Matussov,rmatussovm2@ucoz.ru,Femenino,8/12/1998
84599769,Mellisent,Fulker,mfulkerm3@ehow.com,Femenino,5/19/1969
95460942,Thaddeus,Bee,tbeem4@twitter.com,Femenino,8/14/2003
93233710,Bernie,Norrington,bnorringtonm5@ovh.net,Masculino,7/17/2005
42640640,Hyacintha,Hancke,hhanckem6@wufoo.com,Masculino,12/15/1977
70193099,Tiphanie,Klimowicz,tklimowiczm7@taobao.com,Masculino,1/13/1970
15473989,Kizzee,McConnell,kmcconnellm8@livejournal.com,Femenino,10/14/1963
07567464,Merridie,Foltin,mfoltinm9@cbc.ca,Femenino,7/13/1994
08513375,Valentia,Castelletto,vcastellettoma@unblog.fr,Masculino,4/17/1997
28080082,Adeline,Lenden,alendenmb@techcrunch.com,Masculino,10/1/1995
84572609,Jeremy,Crichmere,jcrichmeremc@patch.com,Femenino,2/15/1982
88642272,Carmella,Vigours,cvigoursmd@chronoengine.com,Femenino,5/11/1960
60302734,Hagan,Spera,hsperame@over-blog.com,Masculino,10/10/2010
13723922,Clyve,Iveson,civesonmf@chicagotribune.com,Masculino,7/3/1963
73869036,Chauncey,Jeffreys,cjeffreysmg@google.de,Femenino,11/29/1971
50866313,Hamish,Puvia,hpuviamh@unblog.fr,Masculino,2/15/2013
15819685,Trula,Newlove,tnewlovemi@ucla.edu,Masculino,3/17/1994
66773359,Bridget,D'Alesio,bdalesiomj@unc.edu,Masculino,3/21/2004
79491597,Klement,Dykins,kdykinsmk@icio.us,Masculino,4/1/2008
54370830,Ben,Valadez,bvaladezml@google.de,Femenino,12/18/2014
15607465,Boote,Van Dalen,bvandalenmm@army.mil,Femenino,10/8/2003
51076908,Florance,Gorrissen,fgorrissenmn@prweb.com,Femenino,9/12/1993
51241575,Eileen,Vallery,evallerymo@paginegialle.it,Femenino,4/19/2011
22812912,Deena,Konke,dkonkemp@livejournal.com,Femenino,4/6/2007
08241910,Nevile,Cobelli,ncobellimq@yelp.com,Femenino,4/8/1998
78951263,Hilliard,Hawse,hhawsemr@ifeng.com,Masculino,2/12/1973
79230411,Mercy,Forrington,mforringtonms@tripadvisor.com,Masculino,8/7/1984
18795094,Eleonora,Paskerful,epaskerfulmt@hud.gov,Femenino,2/12/1974
85523637,Cherida,Gulston,cgulstonmu@constantcontact.com,Femenino,9/28/1992
13823371,Jared,Popley,jpopleymv@mac.com,Masculino,1/13/1982
33838290,Willey,Whitelock,wwhitelockmw@histats.com,Masculino,2/28/1995
20204848,Fleming,Legion,flegionmx@merriam-webster.com,Masculino,5/27/2010
24025999,Deerdre,Brownsall,dbrownsallmy@google.cn,Femenino,3/31/1996
14842078,Jed,Nijssen,jnijssenmz@latimes.com,Masculino,10/26/2000
18813661,Janek,Piel,jpieln0@theguardian.com,Femenino,1/16/2000
88646379,Odessa,Chilton,ochiltonn1@addtoany.com,Femenino,7/30/1960
38996457,Edan,Dudgeon,edudgeonn2@admin.ch,Femenino,6/20/1979
38978277,Siana,Yurshev,syurshevn3@ow.ly,Masculino,8/8/1995
00888013,Lorettalorna,Ayrs,layrsn4@imdb.com,Femenino,12/28/2001
80753238,Margarette,Worboy,mworboyn5@scribd.com,Masculino,9/25/1992
24740132,Harwilll,Gorini,hgorinin6@mit.edu,Femenino,7/9/2011
75680392,Leslie,Stiddard,lstiddardn7@huffingtonpost.com,Femenino,12/8/1989
72790411,Debbie,Walewski,dwalewskin8@squidoo.com,Masculino,10/12/1996
78522725,Alysia,Wrathmall,awrathmalln9@google.fr,Femenino,5/23/1998
18220484,Ola,Cerie,oceriena@scribd.com,Masculino,2/15/1981
95448946,Sianna,Southcomb,ssouthcombnb@uol.com.br,Masculino,3/21/2006
76150035,Sheelah,Downgate,sdowngatenc@springer.com,Masculino,3/3/1986
73575509,Amalee,Eyree,aeyreend@wunderground.com,Masculino,2/7/1993
43597227,Eldon,Grote,egrotene@jugem.jp,Femenino,12/11/1997
57203838,Shoshanna,Adnam,sadnamnf@state.gov,Masculino,2/26/1992
17895843,Jeri,Lamden,jlamdenng@un.org,Masculino,10/17/2003
95439256,Franny,Karp,fkarpnh@imageshack.us,Masculino,7/18/1964
00835570,Lolly,Heinish,lheinishni@pen.io,Femenino,6/3/2007
85662962,Sully,Strattan,sstrattannj@mapquest.com,Masculino,1/29/1963
58102166,Jasmina,Thunderman,jthundermannk@nasa.gov,Masculino,3/27/1974
74112170,Janot,Stormonth,jstormonthnl@latimes.com,Femenino,6/15/1980
47410668,Goraud,McCurtain,gmccurtainnm@instagram.com,Femenino,5/2/1963
48730277,Klemens,Screaton,kscreatonnn@quantcast.com,Femenino,6/14/2011
92565994,Leela,Carette,lcaretteno@scientificamerican.com,Femenino,7/9/1981
59525181,Abbey,Bellas,abellasnp@bizjournals.com,Femenino,10/12/1998
01743668,Dora,Clewer,dclewernq@sakura.ne.jp,Masculino,10/28/1990
78710083,Hilarius,Shelper,hshelpernr@flavors.me,Femenino,2/10/1995
11442962,Ollie,Southcomb,osouthcombns@mysql.com,Femenino,11/2/1984
52995773,Debee,Billinge,dbillingent@wisc.edu,Femenino,8/26/2006
43722745,Bridget,Cranmore,bcranmorenu@adobe.com,Femenino,9/10/2009
90274014,Ina,Hariot,ihariotnv@army.mil,Femenino,1/15/1981
43189004,Maible,Greser,mgresernw@wix.com,Femenino,3/8/1992
94200111,Werner,Kaygill,wkaygillnx@hc360.com,Femenino,8/26/1998
84758940,Billie,Rushsorth,brushsorthny@mozilla.com,Masculino,7/14/1994
05211444,Matteo,Proffitt,mproffittnz@xrea.com,Femenino,6/6/2003
35350778,Jill,Cullinan,jcullinano0@furl.net,Femenino,10/31/1995
71537220,Zenia,Bonsul,zbonsulo1@ow.ly,Femenino,3/21/1989
44651150,Raina,Hopewell,rhopewello2@clickbank.net,Femenino,5/4/1974
46061549,Bailey,Chamley,bchamleyo3@vistaprint.com,Femenino,1/30/1979
34106947,Seward,Elizabeth,selizabetho4@noaa.gov,Femenino,10/20/1973
87341516,Dareen,Martonfi,dmartonfio5@networkadvertising.org,Masculino,10/3/2001
78742958,Vanessa,Barwise,vbarwiseo6@cdbaby.com,Masculino,2/14/1976
47425624,Catherin,Penhall,cpenhallo7@wikia.com,Femenino,10/30/1969
26684051,Shelagh,Strickett,sstricketto8@marketwatch.com,Masculino,10/7/1970
92948734,Gabriela,Goatman,ggoatmano9@bloglines.com,Masculino,1/24/1967
39587281,Brandy,Glazebrook,bglazebrookoa@smh.com.au,Masculino,3/27/1969
29213219,Abby,Searson,asearsonob@addtoany.com,Femenino,1/6/2013
95158623,Rebekkah,Nutley,rnutleyoc@aol.com,Masculino,1/28/2010
15902953,Barthel,Scawen,bscawenod@list-manage.com,Femenino,10/15/2006
20716356,Woodrow,Lowrie,wlowrieoe@columbia.edu,Femenino,4/20/1996
50935351,Gino,McArdell,gmcardellof@typepad.com,Femenino,6/18/1999
62527920,Maure,Russ,mrussog@prnewswire.com,Femenino,12/25/1970
14379220,Eugenio,Lipsett,elipsettoh@newyorker.com,Femenino,6/23/1970
93162277,Adena,Powland,apowlandoi@zimbio.com,Femenino,10/22/2012
69978291,Beltran,Willimott,bwillimottoj@slate.com,Masculino,9/23/1970
14723833,Gene,Brosoli,gbrosoliok@arizona.edu,Masculino,1/17/1983
37315810,Justinian,Bonhome,jbonhomeol@dell.com,Masculino,9/17/2002
21567720,Pete,Daubney,pdaubneyom@buzzfeed.com,Femenino,6/7/1983
53637490,Tiffany,Diemer,tdiemeron@comsenz.com,Masculino,8/20/1972
07373455,Brent,Tarbath,btarbathoo@netvibes.com,Femenino,5/22/1980
49583361,Ileana,Wimpenny,iwimpennyop@virginia.edu,Femenino,7/19/1973
34863311,Betteanne,Wyldbore,bwyldboreoq@yandex.ru,Masculino,12/18/2000
56112207,Giffie,Ubsdall,gubsdallor@vk.com,Femenino,7/6/2010
37116675,Crystie,Harborow,charborowos@state.tx.us,Femenino,3/13/1990
42547692,Giustina,Fellow,gfellowot@4shared.com,Femenino,8/6/1973
92052975,Laraine,Davidman,ldavidmanou@google.es,Femenino,4/6/1980
44263688,Blithe,Espley,bespleyov@list-manage.com,Masculino,11/24/1960
72654842,Skye,Mattisssen,smattisssenow@nih.gov,Masculino,9/18/1982
88735755,Claribel,Castleman,ccastlemanox@artisteer.com,Masculino,7/14/1987
16502760,Horst,Baudoux,hbaudouxoy@narod.ru,Femenino,8/9/2010
43591044,Annice,Bowlesworth,abowlesworthoz@ted.com,Masculino,7/2/2002
06539238,Timothee,Brettoner,tbrettonerp0@imgur.com,Femenino,10/3/1968
86670448,Kary,Reith,kreithp1@de.vu,Femenino,9/13/1985
92480038,Nana,Iwanowski,niwanowskip2@wikia.com,Femenino,9/5/2006
54870801,Laurens,Lugard,llugardp3@ed.gov,Masculino,3/20/1987
14122667,Costanza,D'Alessandro,cdalessandrop4@fema.gov,Femenino,7/15/1977
09796241,Sigfried,Truss,strussp5@spotify.com,Masculino,9/12/1969
35691653,Scotty,Narracott,snarracottp6@nba.com,Masculino,6/25/1987
34733660,Owen,Ciani,ocianip7@bing.com,Femenino,12/21/1966
70771734,Cosetta,Ciobotaru,cciobotarup8@elegantthemes.com,Masculino,11/5/2007
01989281,Corabelle,Broderick,cbroderickp9@goo.gl,Femenino,8/19/1980
85303891,Chrysa,Bonny,cbonnypa@wikia.com,Masculino,3/24/1985
95372779,Karisa,Pryor,kpryorpb@ibm.com,Femenino,6/23/1989
68414000,Waneta,Spilsted,wspilstedpc@delicious.com,Femenino,2/21/1975
17521791,Laurette,Vokes,lvokespd@dailymail.co.uk,Femenino,4/18/2003
69107678,Kipp,Spata,kspatape@aboutads.info,Masculino,1/11/1995
65490465,Lorrayne,Jansey,ljanseypf@ebay.com,Femenino,5/24/1970
45300830,Tedd,Hould,thouldpg@creativecommons.org,Masculino,11/2/1967
20257349,Pandora,Mauvin,pmauvinph@themeforest.net,Femenino,4/9/1991
82009078,Goober,Ibeson,gibesonpi@stumbleupon.com,Masculino,8/3/1988
80488145,Nelli,Sunock,nsunockpj@google.co.uk,Femenino,11/13/1984
34206396,Anna,Puddifer,apuddiferpk@symantec.com,Femenino,3/25/2006
80462719,Parker,Filipponi,pfilipponipl@parallels.com,Masculino,7/7/2008
96275028,Maxy,Camilli,mcamillipm@economist.com,Femenino,5/12/1961
54136090,Jobey,Kinglesyd,jkinglesydpn@hhs.gov,Masculino,8/26/1990
79020554,Erinn,Templman,etemplmanpo@globo.com,Masculino,5/2/2004
28095510,Julie,Lockyear,jlockyearpp@home.pl,Femenino,7/5/1983
26347009,Darnall,Fosbraey,dfosbraeypq@ibm.com,Masculino,10/11/1997
08003810,Chris,Ryley,cryleypr@nature.com,Femenino,1/28/1982
67848599,Thaine,Camel,tcamelps@newyorker.com,Masculino,9/24/1987
53217266,Raimund,Jerman,rjermanpt@microsoft.com,Masculino,12/24/2014
84171447,Carolan,Millberg,cmillbergpu@umn.edu,Femenino,9/24/1988
98714027,Valaree,Grigs,vgrigspv@deviantart.com,Femenino,9/6/1973
88873976,Dulcea,Drewery,ddrewerypw@yellowbook.com,Femenino,9/6/1960
07240492,Flinn,Mundle,fmundlepx@soundcloud.com,Femenino,4/6/1999
92489929,Heath,Petrushka,hpetrushkapy@cargocollective.com,Femenino,8/28/1985
49504138,Gerry,Callender,gcallenderpz@jimdo.com,Masculino,4/12/1981
93492880,Dorrie,Casazza,dcasazzaq0@histats.com,Masculino,4/9/2002
02012316,Cally,Librey,clibreyq1@walmart.com,Masculino,7/16/1976
56414934,Brnaba,Killough,bkilloughq2@woothemes.com,Femenino,2/3/2013
13659313,Marieann,O'Spellissey,mospellisseyq3@youtu.be,Femenino,2/19/1970
51260581,Germaine,Elias,geliasq4@ucla.edu,Femenino,2/4/2008
24646805,Barney,Coan,bcoanq5@webs.com,Femenino,6/25/1984
85989841,Terrance,Osmund,tosmundq6@wikipedia.org,Femenino,10/4/1981
95799238,Wileen,Basketter,wbasketterq7@technorati.com,Masculino,5/22/2009
28353839,Verge,Lortz,vlortzq8@ihg.com,Femenino,8/13/1994
57140785,Massimiliano,MacKain,mmackainq9@upenn.edu,Femenino,9/22/1985
52852112,Novelia,Giorio,ngiorioqa@hibu.com,Masculino,6/21/2012
37144521,Marlee,Jouanet,mjouanetqb@businesswire.com,Masculino,1/17/1977
13934803,Alvira,Margeram,amargeramqc@dailymail.co.uk,Masculino,5/25/1964
64946928,Griswold,Haverty,ghavertyqd@alexa.com,Masculino,3/3/1975
74119265,Miltie,Bradnocke,mbradnockeqe@hc360.com,Femenino,5/15/1993
88272855,Itch,Linzee,ilinzeeqf@istockphoto.com,Masculino,11/28/1960
89301091,Benedetto,Leele,bleeleqg@msn.com,Masculino,7/20/1994
03486449,Sabina,Boshier,sboshierqh@accuweather.com,Femenino,6/29/1984
02641588,Jemima,Gwinnett,jgwinnettqi@merriam-webster.com,Masculino,4/4/1985
60519617,Iseabal,Wadlow,iwadlowqj@people.com.cn,Femenino,4/22/1995
61470645,Dona,Udell,dudellqk@cdc.gov,Femenino,5/23/1969
68545204,Welbie,Skermer,wskermerql@wisc.edu,Femenino,9/16/1987
78600405,Royce,Doumerc,rdoumercqm@printfriendly.com,Femenino,8/7/1997
06158674,Antonius,Thackham,athackhamqn@ask.com,Femenino,10/16/2000
18400855,Averil,Shorthouse,ashorthouseqo@hhs.gov,Masculino,8/6/1973
43551775,Rolph,Vasyukhin,rvasyukhinqp@cbslocal.com,Masculino,8/24/1991
71651024,Ragnar,Hancill,rhancillqq@arizona.edu,Femenino,9/10/2007
87399099,Claiborn,Pippard,cpippardqr@blinklist.com,Femenino,6/3/2010
72548705,Linus,Glasman,lglasmanqs@so-net.ne.jp,Masculino,2/23/2012
25395534,Rafi,Langham,rlanghamqt@yellowbook.com,Masculino,9/10/2010
74743462,Fallon,Martschke,fmartschkequ@amazon.co.jp,Masculino,5/26/1967
20978776,Iolanthe,Bysshe,ibyssheqv@woothemes.com,Femenino,6/6/1997
63109956,Merrick,Jaggli,mjaggliqw@de.vu,Masculino,12/12/1984
77464830,Kalila,Logsdail,klogsdailqx@google.co.uk,Masculino,1/21/2011
63041173,Emory,Toffel,etoffelqy@stanford.edu,Masculino,6/10/2000
27959415,Sella,Nicholas,snicholasqz@cnbc.com,Femenino,5/1/1985
96751697,Bernie,McGilmartin,bmcgilmartinr0@phpbb.com,Masculino,5/2/1978
07844319,Sherwood,Bickerton,sbickertonr1@google.fr,Masculino,7/12/2002
48082818,Murvyn,Maplestone,mmaplestoner2@fc2.com,Masculino,8/23/1992
51510320,Edmund,Theodore,etheodorer3@china.com.cn,Masculino,5/5/1977
95386195,Rossy,Dumberrill,rdumberrillr4@hugedomains.com,Masculino,12/25/2012
56243392,Ethelda,MacKey,emackeyr5@cisco.com,Femenino,1/6/2011
16903026,Sean,Kubec,skubecr6@china.com.cn,Femenino,9/12/1962
37031554,Barthel,Antoney,bantoneyr7@ustream.tv,Femenino,12/4/1969
25516934,Felipe,Huge,fhuger8@slideshare.net,Femenino,1/11/1971
40917386,Jonis,Cregg,jcreggr9@earthlink.net,Femenino,6/13/1970
42692870,Willdon,Fingleton,wfingletonra@dell.com,Femenino,10/11/2000
94365689,Vernon,Sehorsch,vsehorschrb@pagesperso-orange.fr,Femenino,10/28/2006
51280916,Pennie,Sheivels,psheivelsrc@unesco.org,Masculino,6/26/1996
56460894,Nani,Kuhle,nkuhlerd@amazon.co.jp,Masculino,4/19/2008
44039262,Eduard,Bruckner,ebrucknerre@livejournal.com,Masculino,8/14/2012
54663963,Alexi,Girardey,agirardeyrf@dailymotion.com,Femenino,10/9/1974
45184578,Tawsha,Kissock,tkissockrg@economist.com,Masculino,8/31/1989
45959876,Sibyl,Arntzen,sarntzenrh@webnode.com,Masculino,5/14/1991
49553131,Gilburt,Hofner,ghofnerri@freewebs.com,Masculino,6/1/2012
35059937,Danielle,Christofle,dchristoflerj@zdnet.com,Masculino,12/6/1973
81018519,Reinold,Dole,rdolerk@bandcamp.com,Masculino,8/17/1995
38640937,Moyra,Gillson,mgillsonrl@gmpg.org,Femenino,5/16/1989
63754437,Rebe,Jurca,rjurcarm@hostgator.com,Masculino,5/1/1984
90051348,Lalo,Dallemore,ldallemorern@house.gov,Masculino,7/14/1972
07237209,Lyn,Shimman,lshimmanro@webmd.com,Femenino,6/2/1973
71452055,Elayne,Soot,esootrp@europa.eu,Femenino,11/8/2003
51294023,Fabiano,Fancott,ffancottrq@theatlantic.com,Femenino,2/25/1971
29803601,Georgia,Leach,gleachrr@paypal.com,Masculino,10/31/1994
